{"cameraMode":{"drawMode":0,"name":"Shaded","section":"Shading Mode"},"sceneLighting":true,"audioPlay":false,"sceneViewState":{"showFog":true,"showMaterialUpdate":false,"showSkybox":true,"showFlares":true,"showImageEffects":true,"showParticleSystems":true},"in2DMode":false,"pivot":{"x":110.97689819335938,"y":150.2510986328125,"z":101.4002685546875},"rotation":{"x":0.059308502823114398,"y":0.6997725367546082,"z":-0.05849524214863777,"w":0.7094934582710266},"size":3.9079766273498537,"orthographic":false}